<?xml version="1.0" encoding="UTF-8" ?>
<!DOCTYPE configuration
PUBLIC "-//mybatis.org//DTD Config 3.0//EN"
"http://mybatis.org/dtd/mybatis-3-config.dtd">
<configuration>
	<!--加载属性配置文件，说明：
	1.resource属性：加载本地项目中的属性文件
	2.url属性：加载网络上的属性文件
	3.使用内部property标签定义属性
	4.加载顺序：首先加载内部property标签定义的属性，再加载属性文件中定义的属性，
	如果定义了相同的属性，属性文件中的属性覆盖property标签定义的属性  -->
	<properties resource="db.properties" >
		<property name="db.username" value="root"/>
		<property name="db.password" value="admin"/>
	</properties>
	
	<!-- typeAliases标签：配置自定义别名 -->
	<typeAliases>
		<!-- 以包扫描的方式，配置自定义别名，说明：
		 1.如果有多个pojo包需要扫描，配置多个package-->
		<package name="cn.itheima.mybatis.po"/>
	</typeAliases>

	<!-- 数据源运行环境配置 -->
	<!-- default属性：指定使用哪一个 environment-->
	<environments default="development">
		<!-- id属性：区分每一个environment -->
		<environment id="development">
			<!-- 使用jdbc的事务 -->
			<transactionManager type="JDBC" />
			<!--POOLED:mybagtis提供的连接池  -->
			<dataSource type="POOLED">			
				<!-- 使用db.properties文件中的属性 -->
				<property name="driver" value="${db.driver}" />
				<property name="url" value="${db.url}" />
				<property name="username" value="${db.username}" />
				<property name="password" value="${db.password}" />
				
			</dataSource>
		</environment>
	</environments>
	
	<!--mapper映射文件配置 -->
	<mappers>		
		<!-- 以包扫描的方式，配置mapper映射文件 ，说明：
		1.前提必须是mapper代理开发方法
		2.mapper映射文件，必须与mapper代理接口在同一个目录
		3.mapper映射文件的名称，必须与mapper代理接口的名称一致
		4.如果有多个mapper包要扫描，配置多个package-->
		<package name="cn.itheima.mybatis.mapper"/>
	</mappers>
</configuration>