<?xml version="1.0" encoding="UTF-8" ?>
<!DOCTYPE configuration
PUBLIC "-//mybatis.org//DTD Config 3.0//EN"
"http://mybatis.org/dtd/mybatis-3-config.dtd">
<configuration>
	
	<!--加载属性文件，说明：
	 1.resource属性：指定本地配置文件的位置 
	 2.url属性：指定网络上的配置文件位置
	 3.使用内部property标签定义属性
	 4.加载顺序：首先加载内部property标签定义的属性，再加载属性文件中的属性，
	 如果有相同的属性，属性文件中的属性，覆盖内部property标签的属性-->
	<properties resource="db.properties" >
		<property name="db.username" value="root123"/>
		<property name="db.password" value="admin"/>
	</properties>
	
	<!-- 全局参数配置 -->
	<settings>
		<!-- 配置开启二级缓存 -->
		<setting name="cacheEnabled" value="true"/>
	</settings>
	
	<!-- 自定义别名配置 -->
	<typeAliases>
		<!-- 自定义用户别名配置，说明：
		1.type属性：别名的类型
		2.默认使用类名称，作为别名
		3.alias属性：指定别名的名称 -->
		<!-- <typeAlias type="cn.itheima.mybatis.po.User" alias="user"/> -->
		
		<!--包扫描方式配置别名，说明：
		 1.name属性：指定扫描的包
		 2.默认使用类名称，作为别名
		 3.如果有多个包，配置多个package
		 4.企业项目中，推荐使用包扫描方式 -->
		<package name="cn.itheima.mybatis.po"/>
	</typeAliases>

	<!-- 运行环境配置 -->
	<!-- default属性：指定使用哪一个运行环境 -->
	<environments default="development">
	
		<!-- id属性：唯一标识一个运行环境 -->
		<environment id="development">
			<!-- 事务管理器配置，JDBC：mybatis默认使用jdbc事务 -->
			<transactionManager type="JDBC" />
			
			<!-- 数据源配置，POOLED：mybatis提供的连接池 -->
			<dataSource type="POOLED">
				<!-- <property name="driver" value="com.mysql.jdbc.Driver" />
				<property name="url" value="jdbc:mysql://127.0.0.1:3306/mybatis" />
				<property name="username" value="root" />
				<property name="password" value="admin" /> -->
				
				<!-- 使用db.properties属性文件的属性 -->
				<property name="driver" value="${db.driver}" />
				<property name="url" value="${db.url}" />
				<property name="username" value="${db.username}" />
				<property name="password" value="${db.password}" />
			</dataSource>
		</environment>
	</environments>
	
	<!-- 加载mapper映射文件 -->
	<mappers>
		<!--加载User.xml文件，说明：
		  resource属性：指定配置文件的位置-->
		<mapper resource="sqlmap/User.xml"/>
	
		<!-- 加载UserMapper.xml文件 -->
		<!-- <mapper resource="sqlmap/UserMapper.xml"/> -->
		
		<!-- 包扫描方式加载mapper映射文件，说明：
		1.前提必须是mapper代理开发方法
		2.要求mapper映射文件，与mapper接口在同一个目录
		3.要求mapper映射文件的名称，与mapper接口的名称一致 -->
		<package name="cn.itheima.mybatis.mapper"/>
	</mappers>
	
</configuration>