<?xml version="1.0" encoding="UTF-8" ?>
<!DOCTYPE mapper
PUBLIC "-//mybatis.org//DTD Mapper 3.0//EN"
"http://mybatis.org/dtd/mybatis-3-mapper.dtd">
<!-- namespace属性：名称空间，相当于java中的package，用于放置sql语句冲突 -->
<!--mapper代理开发方法中，namespace属性值，必须是mapper接口的全路径  -->
<mapper namespace="cn.itheima.mybatis.mapper.OrdersMapper">

	<!--sql标签：提取公共的sql语句片段，说明：
	id属性：唯一标识，通过id引用该sql  -->
	<sql id="select_orders_list">
		o.id,o.user_id,o.number,o.createtime,o.note
	</sql>

	<!-- 查询全部订单数据 -->
	<select id="queryAllOrders" resultType="orders">
		<!-- select o.id,o.user_id,o.number,o.createtime,o.note from orders o -->
		
		<!-- include标签：引用公共的sql语句片段，说明：
		 refid属性：引用的sql片段id-->
		select <include refid="select_orders_list"></include> from orders o
	</select>
	
	<!-- resultMap标签：配置java对象属性，与sql语句的字段对应关系，说明：
	 type属性：映射的类型
	 id属性：唯一标识，通过id引用该resultMap-->
	<resultMap type="orders" id="ordersResultMap">
		<!-- 配置主键字段对应关系，说明：
		 column属性：主键字段（表）
		 property属性：主键属性（pojo）-->
		<id column="id" property="id"/>
		
		<!-- 配置普通字段对应关系 -->
		<result column="user_id" property="userId"/>
		<result column="number" property="number"/>
		<result column="createtime" property="createtime"/>
		<result column="note" property="note"/>
	</resultMap>
	
	<!-- 查询全部订单数据,使用resultMap实现 -->
	<select id="queryAllOrdersByResultMap" resultMap="ordersResultMap" >
		<!-- select o.id,o.user_id,o.number,o.createtime,o.note from orders o -->
		
		<!-- include标签：引用公共的sql语句片段，说明：
		 refid属性：引用的sql片段id-->
		select <include refid="select_orders_list"></include> from orders o
	</select>
	
	<!--resultMap:配置订单到用户的一对一关联关系，说明：
	 type属性：映射的类型
	 id属性：唯一标识，通过id引用该resultMap -->
	<resultMap type="orders" id="ordersUsersResultMap">
		<!-- 配置订单主键对应关系 -->
		<id column="id" property="id"/>
		
		<!-- 配置订单普通字段对应关系 -->
		<result column="user_id" property="userId"/>
		<result column="number" property="number"/>
		<result column="createtime" property="createtime"/>
		<result column="note" property="note"/>
		
		<!--association标签：用于配置一对一关联关系，说明：
		  property属性：映射的属性名称
		  javaType属性：映射的属性类型（必须要指定）-->
		<association property="user" javaType="User">
			<!-- 配置用户的主键对应关系 -->
			<id column="user_id" property="id"/>
			
			<!-- 配置用户的普通字段对应关系 -->
			<result column="username" property="username"/>
			<result column="address" property="address"/>
		</association>
	
	</resultMap>
	
	<!-- 查询订单数据，并且关联查询出所属的用户数据 -->
	<select id="queryOrdersAndUsers" resultMap="ordersUsersResultMap">
		SELECT
		o.id,
		o.user_id,
		o.number,
		o.createtime,
		o.note,
		u.username,
		u.address
		FROM
		orders o
		LEFT JOIN `user` u ON o.user_id = u.id
	</select>

</mapper>