<?xml version="1.0" encoding="UTF-8" ?>
<!DOCTYPE mapper
PUBLIC "-//mybatis.org//DTD Mapper 3.0//EN"
"http://mybatis.org/dtd/mybatis-3-mapper.dtd">
<!-- namespace属性：名称空间，相当于java中的package，用于放置sql语句冲突 -->
<!--mapper代理开发方法中，namespace属性值，必须是mapper接口的全路径  -->
<mapper namespace="cn.itheima.mybatis.mapper.UserMapper">

	<!-- 根据用户Id查询用户，说明：
	 select标签：用于放置查询sql语句
	 id属性：唯一标识一条sql语句
	 parameterType属性：输入参数类型
	 resultType属性：返回值类型
	 #{id}：占位符，相当于jdbc中的问号：?-->
	<select id="queryUserById" parameterType="int" resultType="user">
		select * from `user` where id=#{id}
	</select>
	
	<!-- 新增用户，说明
	insert标签：用于放置新增sql语句 
	#{id}：占位符，当参数传递的是pojo的时候，换括号中的内容是pojo的属性-->
	 <insert id="insertUser" parameterType="user"
	 useGeneratedKeys="true" keyColumn="id" keyProperty="id">
	 	insert into `user`(username,birthday,sex,address) 
	 	values(#{username},#{birthday},#{sex},#{address})
	 </insert>
	 
	 <!-- 使用pojo包装类型，实现根据用户名称模糊查询用户,说明：
	 %${user.username}%：字符串拼接符，当参数传递的是pojo的时候，花括号中的内容
	 是pojo的属性 -->
	 <select id="queryUserByCondition" parameterType="queryVo" resultType="user">
	 	select * from `user` where username like '%${user.username}%'
	 </select>
	 
	 <!-- 统计用户数量 -->
	 <select id="countUsers" resultType="int" >
	 	select count(*) from `user`
	 </select>
	 
	 <!-- 根据用户名称和性别查询用户 -->
	 <select id="queryUserByNameAndSex" parameterType="user" resultType="user">
	 	select * from `user` 
	 	<!-- where  --><!-- username like #{username} and sex=#{sex} -->
	 	<where>
			<!--if标签判断用户名称不为空，且不为空字符串，就作为查询的条件 -->
			<if test="username !=null and username !=''">
				username like #{username}
			</if>
			<!-- if标签判断性别不为空，且不为空字符串，就作为查询的条件 -->
			<if test="sex !=null and sex !=''">
				and sex=#{sex}
			</if>
	 	</where>

	 </select>
	 
	 <!-- 动态修改用户数据 -->
	 <update id="dynamicUserById" parameterType="user">
	 	update `user` 
	 	<!-- set -->
	 	<set>
		 	<if test="username !=null and username !=''">
		 		username=#{username},
		 	</if>
		 	<if test="sex != null and sex !=''">
		 		sex=#{sex},
		 	</if>
	 	</set> 
	 	<where>
	 		id=#{id}
	 	</where>
	 	<!-- username='张君宝',sex='2' where id=24 -->
	 </update>
	 
	 <!--批量新增用户  -->
	 <insert id="batchInsertUser" parameterType="list">
	 	insert into `user`(username,birthday,sex,address) 
	 	values
	 	<!--foreach标签：循环处理参数集合
	 	  collection属性：参数集合，这里是list
	 	  item属性：当前遍历的对象
	 	  separator属性：指定分割符-->
	 	<foreach collection="list" item="u1" separator=",">
	 		(#{u1.username},#{u1.birthday},#{u1.sex},#{u1.address})
	 	</foreach>
	 	<!-- ('用户1','2017-11-07','1','用户地址1'),('用户2','2017-11-07','1','用户地址2') -->
	 </insert>
	 
	 <!-- 批量删除用户 ,说明：
	 parameterType属性：当参数传递的是list，和数组的时候，都需要使用list-->
	 <delete id="batchDeleteUser" parameterType="list">
	 	delete from `user`
	 	 where
	 	 <!-- foreach标签：循环处理参数集合
	 	  collection属性：参数集合，这里是array
	 	  open属性：拼装的sql语句片段的开始部分
	 	  close属性：拼装的sql语句片段的结束部分
	 	  item属性：当前遍历的元素
	 	  separator属性：指定分隔符-->
	 	 <foreach collection="array" open=" id in( " close=" )" item="id" separator=",">
	 	 	#{id}
	 	 </foreach> 
	 	<!--  id in( 50,51 ) -->
	 </delete>
	 
	 <!--resultMap:配置用户到订单的一对多关联关系，说明：
	   type属性：映射的属性类型
	   id属性：唯一标识，通过id引用该resultMap-->
	 <resultMap type="user" id="usersOrdersResultMap">
	 	<!-- 配置用户的主键对应关系 -->
	 	<id column="id" property="id"/>
	 	
	 	<!-- 配置用户普通字段对应关系 -->
	 	<result column="username" property="username"/>
	 	<result column="birthday" property="birthday"/>
	 	<result column="sex" property="sex"/>
	 	<result column="address" property="address"/>
	 	
	 	<!--collection标签：用于配置一对多关联关系，说明：
	 	  property属性：映射的属性名称
	 	  javaType属性：映射的属性类型（可以指定，可以不指定，建议项目开放中指定）
	 	  ofType属性：list集合中存放的类型（必须要指定）-->
	 	<collection property="ordersList" javaType="list" ofType="orders">
	 		<!--配置订单主键对应关系  -->
	 		<id column="oid" property="id"/>
	 		
	 		<!-- 配置订单的普通字段对应关系 -->
	 		<result column="number" property="number"/>
	 		<result column="createtime" property="createtime"/>
	 	</collection>
	 
	 </resultMap>
	 
	 <!-- 查询用户数据，并且关联查询出所有的订单数据 -->
	 <select id="queryUsersAndOrders" resultMap="usersOrdersResultMap">
		SELECT
		u.id,
		u.username,
		u.birthday,
		u.sex,
		u.address,
		o.id oid,
		o.number,
		o.createtime
		FROM
		`user` u
		LEFT JOIN orders o ON u.id = o.user_id
	 </select>
	

</mapper>