<?xml version="1.0" encoding="UTF-8" ?>
<!DOCTYPE mapper
PUBLIC "-//mybatis.org//DTD Mapper 3.0//EN"
"http://mybatis.org/dtd/mybatis-3-mapper.dtd">
<!-- namespace属性：名称空间，相当于java中的package，用于放置sql语句冲突 -->
<mapper namespace="test">
<!--说明：mybatis框架针对每一种sql语句：新增/修改/删除/查询，提供了对应的标签：
insert/update/delete/select来放置  -->

	<!-- 根据用户Id查询用户，说明：
	 select标签：用于放置查询sql语句
	 id属性：唯一标识一条sql语句
	 parameterType属性：输入参数类型
	 resultType属性：返回值类型
	 #{id}：占位符，相当于jdbc中的问号：?-->
	<select id="queryUserById" parameterType="int" resultType="user" >
		select * from `user` where id=#{id}
	</select>
	
	<!-- 根据用户名称模糊查询用户，说明 
	java.lang.String-->
	<select id="queryUserByName" parameterType="StrinG" resultType="cn.itheima.mybatis.po.User">
		select * from `user` where username like #{username}
		
		<!--  where username like '%小明%',说明：
		使用字符串拼接符${},拼接参数 -->
		<!-- select * from `user` where username like '%${value}%' -->
	</select>
	
	<!-- 新增用户，说明
	insert标签：用于放置新增sql语句 
	#{id}：占位符，当参数传递的是pojo的时候，换括号中的内容是pojo的属性-->
	 <insert id="insertUser" parameterType="cn.itheima.mybatis.po.User"
	 useGeneratedKeys="true" keyColumn="id" keyProperty="id">
	 	<!-- insert into `user`(id,username,birthday,sex,address) 
	 	values(#{id},#{username},#{birthday},#{sex},#{address}) -->
	 	
	 	<!-- selectKey标签：查询主键id，说明
	 	 keyColumn属性：主键字段（表）
	 	 keyProperty属性：主键属性（pojo）
	 	 resultType属性：指定主键字段类型
	 	 order属性：指定在insert语句之前，还是之后获取主键值.
	 	 BEFORE:在insert语句前；AFTER:在insert语句之后-->
	 	<!-- <selectKey keyColumn="id" keyProperty="id" resultType="int" order="AFTER">
	 		select LAST_INSERT_ID()
	 	</selectKey> -->
	 	insert into `user`(username,birthday,sex,address) 
	 	values(#{username},#{birthday},#{sex},#{address})
	 </insert>
	 
	 <!-- 根据用户id修改用户，说明：
	  update标签：用于放置修改sql语句-->
	  <update id="updateUserById" parameterType="cn.itheima.mybatis.po.User">
	  	update `user` 
	  	set username=#{username},sex=#{sex} where id=#{id}
	  </update>
	  
	  <!-- 根据用户id删除用户，说明：
	   delete标签：用于放置删除的sql语句-->
	   <delete id="deleteUserById" parameterType="int">
	   		delete from `user` where id=#{id}
	   </delete>
	

</mapper>