<?xml version="1.0" encoding="UTF-8"?>
<beans xmlns="http://www.springframework.org/schema/beans"
	xmlns:context="http://www.springframework.org/schema/context"
	xmlns:p="http://www.springframework.org/schema/p"
	xmlns:aop="http://www.springframework.org/schema/aop"
	xmlns:tx="http://www.springframework.org/schema/tx"
	xmlns:xsi="http://www.w3.org/2001/XMLSchema-instance"
	xsi:schemaLocation="http://www.springframework.org/schema/beans 
	http://www.springframework.org/schema/beans/spring-beans-4.0.xsd
	http://www.springframework.org/schema/context 
	http://www.springframework.org/schema/context/spring-context-4.0.xsd
	http://www.springframework.org/schema/aop 
	http://www.springframework.org/schema/aop/spring-aop-4.0.xsd 
	http://www.springframework.org/schema/tx 
	http://www.springframework.org/schema/tx/spring-tx-4.0.xsd
	http://www.springframework.org/schema/util 
	http://www.springframework.org/schema/util/spring-util-4.0.xsd">
	
	<!-- 配置加载db.properties属性文件 -->
	<context:property-placeholder location="classpath:db.properties"/>
	
	<!-- 配置数据库连接池 -->
	<bean id="dataSource" 
		class="org.apache.commons.dbcp.BasicDataSource" 
		destroy-method="close" >
		
		<property name="driverClassName" value="${db.driverClassName}"/>
		<property name="url" value="${db.url}" />
		<property name="username" value="${db.username}" />
		<property name="password" value="${db.password}" />
		
		<!-- 最大连接数量 -->
		<property name="maxActive" value="${db.maxActive}"/>
		<!-- 最小空闲连接数量 -->
		<property name="minIdle" value="${db.minIdle}"/>
		<!-- 最大空闲连接数量 -->
		<property name="maxIdle" value="${db.maxIdle}"/>
		<!-- 初始化连接数数量 -->
		<property name="initialSize" value="${db.initialSize}"/>
		<!-- 超时等待时间,以毫秒为单位 -->
		<property name="maxWait" value="${db.maxWait}"/>
			
	</bean>

	<!-- 配置SqlSessionFactoryBean -->
	<bean id="sqlSessionFactory" class="org.mybatis.spring.SqlSessionFactoryBean">
		<!--设置数据源对象  -->
		<property name="dataSource" ref="dataSource"></property>
		
		<!-- 加载mybatis框架核心配置文件 -->
		<property name="configLocation" value="classpath:mybatis/sqlMapConfig.xml"></property>
	</bean>
	
	<!-- 配置用户dao对象 -->
	<bean id="userDao" class="cn.itheima.ssm.dao.impl.UserDaoImpl">
		<!-- 设置mybatis核心对象 -->
		<property name="sqlSessionFactory" ref="sqlSessionFactory"/>
	</bean>
	
	<!-- 配置用户的mapper代理对象 -->
<!-- 	<bean id="userMapper" class="org.mybatis.spring.mapper.MapperFactoryBean"> -->
		<!-- 设置mybatis核心对象 -->
		<!-- <property name="sqlSessionFactory" ref="sqlSessionFactory"/> -->
		<!-- 设置被代理接口 -->
	<!-- 	<property name="mapperInterface" value="cn.itheima.ssm.mapper.UserMapper"/>
	</bean> -->
	
	<!-- 配置mapper代理对象方式二(mapper扫描器) -->
	<bean class="org.mybatis.spring.mapper.MapperScannerConfigurer">
		<!-- 设置要扫描的包,说明：
		1.如果有多个包，以半角逗号进行分割 
		2.企业项目中，推荐使用包扫描方式-->
		<property name="basePackage" value="cn.itheima.ssm.mapper"/>
	</bean>
</beans>